date,session_id,duration_min,compaction_count,branch,notes
2026-03-05,481152,unknown,unknown,main,
2026-03-05,482687,unknown,unknown,main,
2026-03-05,592961,unknown,unknown,main,
2026-03-05,595000,unknown,unknown,main,
2026-03-05,597361,unknown,unknown,main,
2026-03-05,598291,unknown,unknown,main,
2026-03-05,632532,unknown,unknown,main,
2026-03-05,646348,unknown,unknown,main,
2026-03-05,650282,unknown,unknown,main,
2026-03-05,654728,unknown,unknown,main,
2026-03-05,663337,unknown,unknown,main,
2026-03-05,663736,unknown,unknown,main,
2026-03-06,668766,unknown,unknown,main,
2026-03-06,669271,unknown,unknown,main,
2026-03-06,673654,unknown,unknown,main,
2026-03-06,675809,unknown,unknown,main,
2026-03-06,677495,unknown,unknown,main,
2026-03-06,679985,unknown,unknown,main,
2026-03-06,681806,unknown,unknown,main,
2026-03-06,682424,unknown,unknown,main,
2026-03-06,692076,unknown,unknown,main,
2026-03-06,694344,unknown,unknown,main,
2026-03-06,698396,unknown,unknown,main,
2026-03-06,699467,unknown,unknown,main,
2026-03-06,705022,unknown,unknown,main,
2026-03-06,711402,unknown,unknown,main,
2026-03-06,717291,unknown,unknown,main,
2026-03-06,722931,unknown,unknown,main,
2026-03-06,725122,unknown,unknown,main,
2026-03-06,727045,unknown,unknown,main,
2026-03-06,731530,unknown,unknown,main,
2026-03-06,733462,unknown,unknown,main,
2026-03-06,745304,unknown,unknown,main,
2026-03-06,747243,unknown,unknown,main,
2026-03-06,748425,unknown,unknown,main,
2026-03-06,753836,unknown,unknown,main,
2026-03-06,755677,unknown,unknown,main,
2026-03-06,759418,unknown,unknown,epic-1,
2026-03-06,768891,unknown,unknown,epic-1,
2026-03-06,770580,unknown,unknown,epic-1,
2026-03-06,775456,unknown,unknown,epic-1,
2026-03-06,782402,unknown,unknown,epic-1,
2026-03-06,785613,unknown,unknown,epic-1,
2026-03-06,789588,unknown,unknown,epic-1,
2026-03-06,795626,unknown,unknown,epic-1,
2026-03-06,8919,unknown,unknown,epic-1,
2026-03-06,53577,unknown,unknown,epic-1,
2026-03-06,66579,unknown,unknown,epic-1,
2026-03-06,73337,unknown,unknown,epic-1,
2026-03-06,89986,unknown,unknown,epic-1,
2026-03-06,97163,unknown,unknown,epic-1,
2026-03-06,107524,unknown,unknown,epic-1,
2026-03-06,123041,unknown,unknown,epic-1,
2026-03-06,127837,unknown,unknown,epic-1,
2026-03-06,134490,unknown,unknown,epic-1,
2026-03-06,146235,unknown,unknown,epic-1,
2026-03-06,170069,unknown,unknown,epic-1,
2026-03-06,19984,unknown,unknown,epic-1,
2026-03-06,30849,unknown,unknown,epic-1,
2026-03-06,65959,unknown,unknown,epic-1,
2026-03-06,76271,unknown,unknown,epic-1,
2026-03-06,45623,unknown,unknown,epic-1,
2026-03-06,68273,unknown,unknown,epic-1,
2026-03-06,73026,unknown,unknown,epic-1,
2026-03-06,87485,unknown,unknown,epic-1,
